酒款1,1. 安.葛蘿酒莊
酒款1,2. 布根地紅酒
酒款1,3. 法國紅酒
酒款1,4. 2022年酒款
酒款1,5. 黑皮諾葡萄酒
酒款1,6. 櫻桃風味葡萄酒
酒款1,7. 柔和口感紅酒
酒款1,8. 含礦物風味酒款
酒款1,9. Vosne Romanée 地區酒款
酒款1,10. 產自海拔400米葡萄園紅酒
酒款1,11. 煎牛排搭配酒
酒款1,12. 適合與紅肉料理搭配的酒款
酒款1,13. 紫羅蘭風味葡萄酒
酒款1,14. 產自法國的黑皮諾葡萄酒
酒款1,15. 酒價範圍 2000-3000元台幣
酒款1,16. 高海拔葡萄產區酒款
酒款1,17. 適合夜晚享用的紅酒
酒款1,18. 2022年布根地產區的酒款
酒款1,19. 該酒莊的制高點葡萄酒
酒款1,20. 適合與法國菜搭配的紅酒。
酒款2,"1. ""拉菲堡"""
酒款2,"2. ""拉菲一軍紅酒"""
酒款2,"3. ""2020年份"""
酒款2,"4. ""法國葡萄酒"""
酒款2,"5. ""波爾多紅酒"""
酒款2,"6. ""混釀紅酒"""
酒款2,"7. ""卡本內蘇維濃"""
酒款2,"8. ""梅洛混釀"""
酒款2,"9. ""杏仁香氣"""
酒款2,"10. ""紫羅蘭香氣"""
酒款2,"11. ""1815年歷史"""
酒款2,"12. ""波爾多市長酒莊"""
酒款2,"13. ""亞伯拉罕·勞頓酒莊"""
酒款2,"14. ""高價葡萄酒"""
酒款2,"15. ""價格在29965"""
酒款2,"16. ""不附帶其他商品"""
酒款2,"17. ""拉菲堡 拉菲一軍紅酒 2020"""
酒款2,"18. ""拉菲堡 法國波爾多"""
酒款2,"19. ""混釀（卡本內蘇維濃、梅洛）的拉菲一軍紅酒"""
酒款2,"20. ""擁有杏仁與紫羅蘭香氣的葡萄酒"""
酒款3,1. 撒西凱亞風味
酒款3,2. 2020年製造的葡萄酒
酒款3,3. 義大利製造
酒款3,4. 托斯卡納葡萄酒
酒款3,5. 混釀葡萄酒
酒款3,6. 卡本內蘇維濃混釀
酒款3,7. 梅洛混釀
酒款3,8. 強力酒體
酒款3,9. 濃郁的紅色水果風味
酒款3,10. 質地優雅柔順葡萄酒
酒款3,11. 單寧成熟絲滑
酒款3,12. 超級托斯卡尼葡萄酒
酒款3,13. Sassicaia風格
酒款3,14. 未蘊藏葡萄酒
酒款3,15. 紅酒
酒款3,16. 2000價位
酒款3,17. 葡萄種類混釀酒
酒款3,18. 義大利托斯卡納產區酒
酒款3,19. 酒莊紅酒
酒款3,20. 撒西凱亞二軍系列.
酒款4,1. 賽葡萄酒 2018
酒款4,2. 凱蘭美國紅酒 2010
酒款4,3. 珍美得卡本內蘇維濃 2015
酒款4,4. 卡洛斯美國小維多 2005
酒款4,5. 櫻桃香氣黑酒 2011
酒款4,6. 李子口感圓潤紅酒 2010
酒款4,7. 雪松香氣卡本內 2016
酒款4,8. 可可香氣小維多 2017
酒款4,9. 春天葡萄酒 2018
酒款4,10. 夏日高溫紅酒 2019
酒款4,11. 晚成熟期紅酒 2008
酒款4,12. 色澤緊實葡萄酒 2014
酒款4,13. 牛排搭配紅酒 2012
酒款4,14. 硬質起司搭配酒 2015
酒款4,15. 滷豬肉推薦酒 2016
酒款4,16. 燉牛肉專用紅酒 2017
酒款4,17. 高價優質紅酒 2018
酒款4,18. 胡椒口感紅酒 2014 (相反作為一種變動)
酒款4,19. 清爽口感白酒 2012 (相反作為變動)
酒款4,20. 當地小產紅酒 2010 (關聯當地葡萄酒)
酒款5,"1. ""西班牙精釀"""
酒款5,"2. ""18世紀精良釀造"""
酒款5,"3. ""里奧哈地區特產"""
酒款5,"4. ""田帕尼優精華"""
酒款5,"5. ""櫻桃與燻肉風味"""
酒款5,"6. ""皮革香氣"""
酒款5,"7. ""茴香風味"""
酒款5,"8. ""口感濃郁"""
酒款5,"9. ""酸度均衡"""
酒款5,"10. ""香氣四溢"""
酒款5,"11. ""古老酒莊釀製"""
酒款5,"12. ""姆列達侯爵特選"""
酒款5,"13. ""舊世界風格"""
酒款5,"14. ""陳年酒款"""
酒款5,"15. ""1852一代傳承"""
酒款5,"16. ""大瓶裝葡萄酒"""
酒款5,"17. ""紅酒愛好者的最愛"""
酒款5,"18. ""經典西班牙酒款"""
酒款5,"19. ""豐滿風味"""
酒款5,"20. ""赤霞珠與田帕尼優的完美結合"""
酒款5,"21. ""優雅的口感體驗"""
酒款5,"22. ""侯爵的獨特風味"""
酒款5,"23. ""傳統與現代的融合"""
酒款6,1. 克拉吉酒莊 卓越希哈紅酒 2015
酒款6,2. 克拉吉家族珍藏霍克斯灣希哈 2012
酒款6,3. 2013霍克斯灣最佳希哈-克拉吉酒莊
酒款6,4. Craggy Range 重量級希哈釀造 2013
酒款6,5. 波森莓引領風格的希哈-克拉吉酒庄 2013
酒款6,6. 1997年精嘗克拉吉波森莓之希哈紅酒
酒款6,7. 酒界新星的克拉吉-2013希哈
酒款6,8. 紐西蘭製造-希哈葡萄酒 克拉吉酒莊
酒款6,9. 蒂瑪塔峰下的傑作-克拉吉希哈紅酒
酒款6,10. 2013克拉吉希哈-霍克斯灣原裝進口
酒款6,11. 黑胡椒滋味希哈-克拉吉酒莊 2013
酒款6,12. 樟腦味的利索頂極希哈-克拉吉酒莊
酒款6,13. 克拉吉酒莊-與鹿肉完美搭配的2013希哈
酒款6,14. 鈞酌佳釀- 霍克斯灣的克拉吉希哈
酒款6,15. 克拉吉酒莊 2013希哈-餐桌新寵
酒款6,16. 敬酒之選- 克拉吉酒莊 出品的霍克斯灣希哈
酒款6,17. 克拉吉
酒款7,1. 約翰山堡酒莊
酒款7,2. 德國原產地
酒款7,3. 萊茵高葡萄酒
酒款7,4. 麗絲玲葡萄
酒款7,5. 2020年份
酒款7,6. 礦物質香氣
酒款7,7. 黃色水果風味
酒款7,8. 柑橘飽滿酸味
酒款7,9. 細緻口感
酒款7,10. 高品質白酒
酒款7,11. 德國白酒愛好者必嚐
酒款7,12. 搭配螃蟹美味
酒款7,13. 龍蝦沙拉佳釀
酒款7,14. 搭配魚派最佳
酒款7,15. 新鮮起士好夥伴
酒款7,16. 1500價位葡萄酒
酒款7,17. 具有代表性的葡萄酒
酒款7,18. 美酒與清爽食物的完美搭配
酒款7,19. 美味的魚類佳餚葡萄酒
酒款7,20. QbA等級葡萄酒
酒款7,21. 德國風味美酒
酒款7,22. 獨特的萊茵高葡萄酒
酒款7,23. 地道的麗絲玲風味
酒款7,24. 適合海鮮料理的白酒
酒款7,25. 情人節約會搭配酒款。
酒款8,1. 智利紅酒
酒款8,2. 邁波河谷精選
酒款8,3. 新鮮果味質感
酒款8,4. 濃郁的花香香氣
酒款8,5. 頂級卡本內蘇維濃
酒款8,6. 梅爾喬酒莊的驕傲
酒款8,7. 美酒與烤肉節配
酒款8,8. 義大利麵的最佳搭檔
酒款8,9. 特選智利美酒
酒款8,10. 微醺的紅花繽紛
酒款8,11. 卡本內蘇維濃鑑賞家
酒款8,12. 醬燒料理的完美伴隨
酒款8,13. 賞味6300元高貴酒款
酒款8,14. 羊起士的芬芳佳餚
酒款8,15. 2021新酒上市
酒款8,16. 鴨胸料理的酒中之美
酒款8,17. 黑松露的細緻對口
酒款8,18. 入口順滑的紅酒
酒款8,19. 乾起司料理的酒款首選
酒款8,20. 柔和單寧的美味之選。
酒款9,1. 葛堡城堡酒廠2022經典綠維特利納白酒
酒款9,2. 優雅新鮮的奧地利白酒
酒款9,3. 檸檬、杏桃風味的綠維特利納葡萄酒
酒款9,4. 多瑙河地區Kamptal特色酒款
酒款9,5. 清爽口味搭配壽司、燻鮭魚的白酒
酒款9,6. 由淺漸圓潤的白酒體驗
酒款9,7. 明亮活潑的酸度葡萄酒
酒款9,8. 優雅新鮮綠維特利納葡萄酒
酒款9,9. 自然階梯地形呈現的葡萄酒
酒款9,10. 奧地利葛堡城堡酒廠白酒
酒款9,11. 醒神提神的綠維特利納葡萄酒
酒款9,12. 輕飲款白葡萄酒推薦
酒款9,13. 濃郁果香的維特利納葡萄酒
酒款9,14. 用餐搭配的最佳白葡萄酒
酒款9,15. 迎賓派對必備的葡萄酒
酒款9,16. 進口奧地利頂級葡萄酒
酒款9,17. 葛堡城堡酒廠醞釀的珍品
酒款9,18. 2022年新釀白酒
酒款9,19. 清淡料理的最佳朋友
酒款9,20. 高價位的
酒款10,"1. ""2023年南非魯伯特酒莊白梢楠"""
酒款10,"2. ""白海神花迷人白梢楠"""
酒款10,"3. ""新鮮多汁的山地白酒"""
酒款10,"4. ""帶鮮明桃子風味的白酒"""
酒款10,"5. ""哈密瓜和梨子氣息的白梢楠"""
酒款10,"6. ""Swartland和Voor-Paardeberg的白酒"""
酒款10,"7. ""氣候乾燥的葡萄園白酒"""
酒款10,"8. ""最佳搭配海鮮的白酒"""
酒款10,"9. ""軟質乳酪的絕佳搭檔"""
酒款10,"10. ""650起泡酒"""
酒款10,"11. ""清新的白海神花酒"""
酒款10,"12. ""風味豐富的白梢楠"""
酒款10,"13. ""桃子和梨的味蕾饗宴"""
酒款10,"14. ""南非精選白酒"""
酒款10,"15. ""來自魯伯特酒莊的佳釀"""
酒款10,"16. ""來自Voor-Paardeberg的美酒"""
酒款10,"17. ""果香滿室的白梢楠"""
酒款10,"18. ""來自Southland的白海神花酒"""
酒款10,"19. ""2023最佳海鮮搭檔"""
酒款10,"20. ""桃子和哈密瓜風味的南非佳釀"""
